id,tb_hotel_id,name,description,image_url
1,17,Spa,"Aliquam augue quam, sollicitudin vitae, consectetuer eget, rutrum at, lorem.",http://dummyimage.com/663x1020.png/cc0000/ffffff
2,43,Airport Shuttle,Aliquam non mauris.,
3,50,Free Parking,Fusce posuere felis sed lacus.,
4,46,Airport Shuttle,Fusce consequat.,http://dummyimage.com/661x1382.png/ff4444/ffffff
5,37,Spa,Morbi porttitor lorem id ligula.,http://dummyimage.com/895x1296.png/dddddd/000000
6,25,Room Service,Praesent blandit.,http://dummyimage.com/898x1225.png/5fa2dd/ffffff
7,15,Free Parking,"Integer pede justo, lacinia eget, tincidunt eget, tempus vel, pede.",
8,20,Room Service,Cras pellentesque volutpat dui.,http://dummyimage.com/828x865.png/ff4444/ffffff
9,26,Lounge,Duis at velit eu est congue elementum.,
10,32,Room Service,Morbi non quam nec dui luctus rutrum.,http://dummyimage.com/740x1031.png/cc0000/ffffff
11,11,Free Parking,"Quisque erat eros, viverra eget, congue eget, semper rutrum, nulla.",
12,9,Restaurant,Phasellus in felis.,
13,13,Gym,Donec ut mauris eget massa tempor convallis.,http://dummyimage.com/835x1252.png/5fa2dd/ffffff
14,1,Lounge,Vivamus vestibulum sagittis sapien.,http://dummyimage.com/663x1089.png/5fa2dd/ffffff
15,21,Free Wi-Fi,Aliquam erat volutpat.,http://dummyimage.com/722x903.png/dddddd/000000
16,47,Restaurant,Morbi vel lectus in quam fringilla rhoncus.,
17,40,Free Parking,Duis bibendum.,
18,14,Lounge,Suspendisse potenti.,
19,5,Free Parking,"Vestibulum quam sapien, varius ut, blandit non, interdum in, ante.",http://dummyimage.com/847x1060.png/5fa2dd/ffffff
20,35,Free Parking,"Cum sociis natoque penatibus et magnis dis parturient montes, nascetur ridiculus mus.",http://dummyimage.com/883x974.png/dddddd/000000
21,33,Free Parking,Donec vitae nisi.,
22,18,Free Parking,Duis mattis egestas metus.,
23,4,Free Wi-Fi,Proin interdum mauris non ligula pellentesque ultrices.,
24,3,Spa,In sagittis dui vel nisl.,
25,41,Spa,Nulla tempus.,http://dummyimage.com/646x1359.png/ff4444/ffffff
26,34,Free Breakfast,Ut tellus.,http://dummyimage.com/736x823.png/cc0000/ffffff
27,30,Room Service,"Morbi vestibulum, velit id pretium iaculis, diam erat fermentum justo, nec condimentum neque sapien placerat ante.",http://dummyimage.com/875x1299.png/dddddd/000000
28,24,Restaurant,Vivamus tortor.,http://dummyimage.com/872x874.png/ff4444/ffffff
29,18,Airport Shuttle,Vivamus vestibulum sagittis sapien.,
30,42,Restaurant,Nulla ut erat id mauris vulputate elementum.,
31,49,Lounge,Nullam sit amet turpis elementum ligula vehicula consequat.,
32,16,Airport Shuttle,"Donec diam neque, vestibulum eget, vulputate ut, ultrices vel, augue.",
33,32,Pool,Nulla justo.,http://dummyimage.com/876x993.png/cc0000/ffffff
34,47,Lounge,Praesent id massa id nisl venenatis lacinia.,
35,37,Restaurant,Vivamus tortor.,
36,12,Free Wi-Fi,Donec dapibus.,
37,11,Free Wi-Fi,"Nullam orci pede, venenatis non, sodales sed, tincidunt eu, felis.",http://dummyimage.com/733x1314.png/cc0000/ffffff
38,2,Airport Shuttle,"Lorem ipsum dolor sit amet, consectetuer adipiscing elit.",
39,41,Restaurant,Vestibulum ante ipsum primis in faucibus orci luctus et ultrices posuere cubilia Curae; Duis faucibus accumsan odio.,http://dummyimage.com/612x1202.png/cc0000/ffffff
40,26,Free Wi-Fi,"Cum sociis natoque penatibus et magnis dis parturient montes, nascetur ridiculus mus.",
41,27,Room Service,Proin at turpis a pede posuere nonummy.,http://dummyimage.com/676x1181.png/ff4444/ffffff
42,31,Free Wi-Fi,Nunc nisl.,
43,44,Free Parking,Nulla nisl.,
44,45,Free Parking,Suspendisse potenti.,http://dummyimage.com/614x1244.png/cc0000/ffffff
45,6,Airport Shuttle,Phasellus in felis.,http://dummyimage.com/875x1113.png/cc0000/ffffff
46,9,Lounge,Sed ante.,http://dummyimage.com/674x1316.png/ff4444/ffffff
47,8,Free Breakfast,Sed vel enim sit amet nunc viverra dapibus.,
48,21,Free Parking,"Vestibulum ante ipsum primis in faucibus orci luctus et ultrices posuere cubilia Curae; Donec pharetra, magna vestibulum aliquet ultrices, erat tortor sollicitudin mi, sit amet lobortis sapien sapien non mi.",http://dummyimage.com/654x1320.png/ff4444/ffffff
49,35,Pool,Nunc rhoncus dui vel sem.,http://dummyimage.com/789x1291.png/cc0000/ffffff
50,36,Airport Shuttle,Ut at dolor quis odio consequat varius.,
51,30,Spa,"Duis bibendum, felis sed interdum venenatis, turpis enim blandit mi, in porttitor pede justo eu massa.",http://dummyimage.com/733x1098.png/5fa2dd/ffffff
52,11,Airport Shuttle,In hac habitasse platea dictumst.,
53,21,Lounge,Praesent id massa id nisl venenatis lacinia.,
54,16,Airport Shuttle,Nulla justo.,
55,28,Pool,Nunc purus.,http://dummyimage.com/880x1120.png/5fa2dd/ffffff
56,48,Free Wi-Fi,Suspendisse potenti.,
57,35,Restaurant,Vestibulum ante ipsum primis in faucibus orci luctus et ultrices posuere cubilia Curae; Nulla dapibus dolor vel est.,http://dummyimage.com/858x1113.png/ff4444/ffffff
58,18,Restaurant,Praesent blandit.,http://dummyimage.com/775x1342.png/5fa2dd/ffffff
59,14,Free Breakfast,Curabitur gravida nisi at nibh.,
60,43,Gym,Curabitur gravida nisi at nibh.,http://dummyimage.com/684x966.png/dddddd/000000
61,36,Lounge,Aliquam quis turpis eget elit sodales scelerisque.,
62,15,Pool,Suspendisse potenti.,http://dummyimage.com/779x1061.png/5fa2dd/ffffff
63,47,Restaurant,Vestibulum ante ipsum primis in faucibus orci luctus et ultrices posuere cubilia Curae; Mauris viverra diam vitae quam.,http://dummyimage.com/609x1265.png/5fa2dd/ffffff
64,2,Pool,Curabitur at ipsum ac tellus semper interdum.,http://dummyimage.com/900x1361.png/dddddd/000000
65,31,Pool,Nulla ac enim.,http://dummyimage.com/888x896.png/cc0000/ffffff
66,19,Free Wi-Fi,In blandit ultrices enim.,
67,22,Room Service,"Duis bibendum, felis sed interdum venenatis, turpis enim blandit mi, in porttitor pede justo eu massa.",
68,45,Room Service,Vivamus tortor.,
69,25,Airport Shuttle,Curabitur at ipsum ac tellus semper interdum.,http://dummyimage.com/603x1142.png/dddddd/000000
70,32,Lounge,Nulla nisl.,http://dummyimage.com/719x1385.png/cc0000/ffffff
71,29,Pool,"Duis bibendum, felis sed interdum venenatis, turpis enim blandit mi, in porttitor pede justo eu massa.",
72,4,Free Breakfast,Nam nulla.,http://dummyimage.com/764x1327.png/ff4444/ffffff
73,9,Spa,"Donec odio justo, sollicitudin ut, suscipit a, feugiat et, eros.",
74,23,Free Parking,"Proin leo odio, porttitor id, consequat in, consequat ut, nulla.",http://dummyimage.com/823x1258.png/cc0000/ffffff
75,1,Gym,Aenean sit amet justo.,
76,36,Gym,Integer ac neque.,http://dummyimage.com/749x1074.png/dddddd/000000
77,7,Lounge,Nam dui.,
78,13,Free Wi-Fi,Aliquam erat volutpat.,
79,8,Pool,"Nullam orci pede, venenatis non, sodales sed, tincidunt eu, felis.",
80,3,Airport Shuttle,"Aliquam augue quam, sollicitudin vitae, consectetuer eget, rutrum at, lorem.",
81,28,Airport Shuttle,In blandit ultrices enim.,
82,4,Free Wi-Fi,Maecenas tincidunt lacus at velit.,http://dummyimage.com/718x1210.png/ff4444/ffffff
83,38,Gym,Mauris lacinia sapien quis libero.,http://dummyimage.com/649x1245.png/ff4444/ffffff
84,48,Free Wi-Fi,Curabitur gravida nisi at nibh.,
85,5,Free Wi-Fi,"Lorem ipsum dolor sit amet, consectetuer adipiscing elit.",http://dummyimage.com/679x809.png/dddddd/000000
86,44,Restaurant,Praesent lectus.,http://dummyimage.com/808x883.png/cc0000/ffffff
87,29,Room Service,Morbi porttitor lorem id ligula.,
88,27,Airport Shuttle,Curabitur gravida nisi at nibh.,
89,33,Room Service,Donec ut mauris eget massa tempor convallis.,
90,24,Gym,Nullam varius.,
91,2,Free Breakfast,Praesent blandit.,
92,9,Room Service,Quisque id justo sit amet sapien dignissim vestibulum.,
93,1,Room Service,Cras non velit nec nisi vulputate nonummy.,http://dummyimage.com/651x994.png/5fa2dd/ffffff
94,18,Free Parking,In blandit ultrices enim.,
95,15,Airport Shuttle,Morbi non quam nec dui luctus rutrum.,
96,11,Restaurant,"Fusce congue, diam id ornare imperdiet, sapien urna pretium nisl, ut volutpat sapien arcu sed augue.",
97,32,Gym,"Cum sociis natoque penatibus et magnis dis parturient montes, nascetur ridiculus mus.",
98,40,Room Service,Pellentesque ultrices mattis odio.,http://dummyimage.com/856x1129.png/5fa2dd/ffffff
99,45,Free Breakfast,Proin risus.,http://dummyimage.com/872x1282.png/ff4444/ffffff
100,25,Free Wi-Fi,"In tempor, turpis nec euismod scelerisque, quam turpis adipiscing lorem, vitae mattis nibh ligula nec sem.",http://dummyimage.com/626x1194.png/dddddd/000000
101,41,Free Wi-Fi,"Cum sociis natoque penatibus et magnis dis parturient montes, nascetur ridiculus mus.",http://dummyimage.com/774x923.png/dddddd/000000
102,19,Free Parking,"Mauris enim leo, rhoncus sed, vestibulum sit amet, cursus id, turpis.",
103,11,Spa,"Cum sociis natoque penatibus et magnis dis parturient montes, nascetur ridiculus mus.",http://dummyimage.com/641x1313.png/dddddd/000000
104,20,Lounge,Aliquam sit amet diam in magna bibendum imperdiet.,
105,2,Free Wi-Fi,Cras in purus eu magna vulputate luctus.,http://dummyimage.com/652x1041.png/ff4444/ffffff
106,22,Lounge,Nunc rhoncus dui vel sem.,http://dummyimage.com/802x878.png/5fa2dd/ffffff
107,50,Restaurant,Suspendisse potenti.,
108,47,Free Parking,Morbi quis tortor id nulla ultrices aliquet.,http://dummyimage.com/750x1326.png/ff4444/ffffff
109,25,Pool,Ut tellus.,http://dummyimage.com/825x1368.png/5fa2dd/ffffff
110,36,Lounge,Fusce consequat.,http://dummyimage.com/825x1046.png/cc0000/ffffff
111,8,Free Wi-Fi,Curabitur in libero ut massa volutpat convallis.,
112,45,Free Wi-Fi,Cras pellentesque volutpat dui.,
113,48,Spa,Sed accumsan felis.,
114,12,Pool,Nullam sit amet turpis elementum ligula vehicula consequat.,http://dummyimage.com/681x880.png/ff4444/ffffff
115,31,Free Breakfast,Praesent id massa id nisl venenatis lacinia.,
116,30,Free Wi-Fi,In sagittis dui vel nisl.,
117,1,Room Service,Donec posuere metus vitae ipsum.,http://dummyimage.com/624x835.png/cc0000/ffffff
118,4,Spa,Nulla tellus.,
119,27,Lounge,Vestibulum ante ipsum primis in faucibus orci luctus et ultrices posuere cubilia Curae; Mauris viverra diam vitae quam.,http://dummyimage.com/870x862.png/dddddd/000000
120,38,Free Parking,"Donec odio justo, sollicitudin ut, suscipit a, feugiat et, eros.",http://dummyimage.com/601x1216.png/ff4444/ffffff
121,6,Gym,Nulla tempus.,
122,49,Airport Shuttle,Donec vitae nisi.,http://dummyimage.com/802x1064.png/dddddd/000000
123,33,Spa,Fusce consequat.,
124,40,Lounge,"Morbi odio odio, elementum eu, interdum eu, tincidunt in, leo.",http://dummyimage.com/605x864.png/5fa2dd/ffffff
125,34,Room Service,"Duis bibendum, felis sed interdum venenatis, turpis enim blandit mi, in porttitor pede justo eu massa.",http://dummyimage.com/842x1385.png/dddddd/000000
126,49,Airport Shuttle,Curabitur in libero ut massa volutpat convallis.,http://dummyimage.com/709x1231.png/ff4444/ffffff
127,42,Restaurant,Proin risus.,http://dummyimage.com/830x1357.png/ff4444/ffffff
128,47,Restaurant,Duis at velit eu est congue elementum.,
129,2,Free Breakfast,Maecenas rhoncus aliquam lacus.,
130,6,Airport Shuttle,"Vestibulum quam sapien, varius ut, blandit non, interdum in, ante.",http://dummyimage.com/855x1309.png/5fa2dd/ffffff
131,1,Free Breakfast,Morbi quis tortor id nulla ultrices aliquet.,
132,17,Restaurant,"Nam ultrices, libero non mattis pulvinar, nulla pede ullamcorper augue, a suscipit nulla elit ac nulla.",http://dummyimage.com/879x890.png/dddddd/000000
133,15,Spa,Nulla facilisi.,http://dummyimage.com/801x1155.png/dddddd/000000
134,50,Free Breakfast,Vestibulum rutrum rutrum neque.,
135,14,Free Parking,Nunc nisl.,
136,43,Free Wi-Fi,Sed accumsan felis.,http://dummyimage.com/765x1336.png/cc0000/ffffff
137,36,Gym,Pellentesque eget nunc.,
138,25,Spa,Aliquam quis turpis eget elit sodales scelerisque.,http://dummyimage.com/836x1004.png/dddddd/000000
139,27,Room Service,Ut tellus.,http://dummyimage.com/804x1297.png/cc0000/ffffff
140,22,Free Breakfast,"Cum sociis natoque penatibus et magnis dis parturient montes, nascetur ridiculus mus.",
141,32,Gym,Nulla nisl.,
142,8,Airport Shuttle,Proin at turpis a pede posuere nonummy.,http://dummyimage.com/722x1373.png/cc0000/ffffff
143,45,Restaurant,Duis consequat dui nec nisi volutpat eleifend.,
144,5,Pool,Sed accumsan felis.,http://dummyimage.com/618x804.png/cc0000/ffffff
145,24,Free Breakfast,"Maecenas tristique, est et tempus semper, est quam pharetra magna, ac consequat metus sapien ut nunc.",http://dummyimage.com/739x1239.png/cc0000/ffffff
146,10,Lounge,"Duis bibendum, felis sed interdum venenatis, turpis enim blandit mi, in porttitor pede justo eu massa.",
147,39,Gym,Proin at turpis a pede posuere nonummy.,
148,38,Lounge,Nulla justo.,
149,48,Free Wi-Fi,"Quisque erat eros, viverra eget, congue eget, semper rutrum, nulla.",http://dummyimage.com/819x955.png/cc0000/ffffff
150,4,Lounge,Morbi non quam nec dui luctus rutrum.,
151,13,Free Wi-Fi,Donec vitae nisi.,
152,16,Gym,Nullam porttitor lacus at turpis.,
153,1,Free Parking,In blandit ultrices enim.,
154,6,Lounge,Pellentesque at nulla.,
155,30,Airport Shuttle,Phasellus sit amet erat.,
156,33,Gym,"Nullam orci pede, venenatis non, sodales sed, tincidunt eu, felis.",
157,34,Pool,"Morbi vestibulum, velit id pretium iaculis, diam erat fermentum justo, nec condimentum neque sapien placerat ante.",http://dummyimage.com/794x987.png/5fa2dd/ffffff
158,19,Free Breakfast,In quis justo.,
159,18,Airport Shuttle,"Morbi sem mauris, laoreet ut, rhoncus aliquet, pulvinar sed, nisl.",http://dummyimage.com/780x919.png/5fa2dd/ffffff
160,28,Pool,"Mauris enim leo, rhoncus sed, vestibulum sit amet, cursus id, turpis.",http://dummyimage.com/692x1373.png/5fa2dd/ffffff
161,36,Free Wi-Fi,Mauris sit amet eros.,
162,22,Restaurant,Curabitur convallis.,http://dummyimage.com/681x1303.png/cc0000/ffffff
163,50,Spa,"Nam ultrices, libero non mattis pulvinar, nulla pede ullamcorper augue, a suscipit nulla elit ac nulla.",
164,48,Gym,Etiam justo.,http://dummyimage.com/759x1174.png/ff4444/ffffff
165,37,Free Parking,Morbi a ipsum.,
166,43,Free Breakfast,Suspendisse potenti.,http://dummyimage.com/715x1162.png/cc0000/ffffff
167,9,Airport Shuttle,"Maecenas leo odio, condimentum id, luctus nec, molestie sed, justo.",http://dummyimage.com/873x842.png/5fa2dd/ffffff
168,29,Free Parking,Etiam vel augue.,
169,25,Restaurant,"Nulla neque libero, convallis eget, eleifend luctus, ultricies eu, nibh.",
170,31,Free Parking,"Cum sociis natoque penatibus et magnis dis parturient montes, nascetur ridiculus mus.",http://dummyimage.com/601x1032.png/5fa2dd/ffffff
171,27,Gym,Maecenas ut massa quis augue luctus tincidunt.,
172,3,Free Wi-Fi,Aenean fermentum.,
173,38,Free Wi-Fi,"Duis bibendum, felis sed interdum venenatis, turpis enim blandit mi, in porttitor pede justo eu massa.",
174,39,Spa,Aliquam erat volutpat.,http://dummyimage.com/765x1102.png/5fa2dd/ffffff
175,8,Gym,Maecenas rhoncus aliquam lacus.,
176,16,Room Service,Praesent id massa id nisl venenatis lacinia.,
177,41,Airport Shuttle,Vestibulum ante ipsum primis in faucibus orci luctus et ultrices posuere cubilia Curae; Nulla dapibus dolor vel est.,http://dummyimage.com/668x1238.png/cc0000/ffffff
178,27,Free Breakfast,Phasellus id sapien in sapien iaculis congue.,http://dummyimage.com/824x1318.png/dddddd/000000
179,31,Gym,Aliquam sit amet diam in magna bibendum imperdiet.,
180,49,Gym,"Integer aliquet, massa id lobortis convallis, tortor risus dapibus augue, vel accumsan tellus nisi eu orci.",
181,39,Spa,"Nam congue, risus semper porta volutpat, quam pede lobortis ligula, sit amet eleifend pede libero quis orci.",
182,25,Restaurant,In quis justo.,http://dummyimage.com/854x1283.png/ff4444/ffffff
183,3,Free Parking,Praesent blandit.,http://dummyimage.com/637x887.png/ff4444/ffffff
184,46,Free Wi-Fi,Vestibulum ac est lacinia nisi venenatis tristique.,
185,21,Free Breakfast,Mauris ullamcorper purus sit amet nulla.,
186,19,Free Wi-Fi,Nulla suscipit ligula in lacus.,http://dummyimage.com/666x969.png/cc0000/ffffff
187,9,Airport Shuttle,"Cum sociis natoque penatibus et magnis dis parturient montes, nascetur ridiculus mus.",
188,26,Airport Shuttle,Morbi porttitor lorem id ligula.,
189,22,Spa,Proin eu mi.,http://dummyimage.com/645x1255.png/5fa2dd/ffffff
190,6,Gym,"Maecenas leo odio, condimentum id, luctus nec, molestie sed, justo.",
191,50,Free Breakfast,Duis consequat dui nec nisi volutpat eleifend.,http://dummyimage.com/876x881.png/5fa2dd/ffffff
192,43,Pool,"Fusce congue, diam id ornare imperdiet, sapien urna pretium nisl, ut volutpat sapien arcu sed augue.",
193,15,Spa,"Duis bibendum, felis sed interdum venenatis, turpis enim blandit mi, in porttitor pede justo eu massa.",http://dummyimage.com/863x1326.png/dddddd/000000
194,40,Room Service,Aenean fermentum.,http://dummyimage.com/839x895.png/cc0000/ffffff
195,28,Free Parking,Nullam varius.,http://dummyimage.com/620x841.png/5fa2dd/ffffff
196,29,Free Parking,Morbi vel lectus in quam fringilla rhoncus.,http://dummyimage.com/760x847.png/dddddd/000000
197,7,Lounge,Nam nulla.,
198,35,Gym,"Maecenas tristique, est et tempus semper, est quam pharetra magna, ac consequat metus sapien ut nunc.",
199,23,Room Service,"Mauris enim leo, rhoncus sed, vestibulum sit amet, cursus id, turpis.",http://dummyimage.com/785x916.png/5fa2dd/ffffff
200,8,Lounge,Etiam justo.,http://dummyimage.com/785x1077.png/dddddd/000000
201,6,Free Wi-Fi,Vestibulum sed magna at nunc commodo placerat.,
202,30,Lounge,Nullam porttitor lacus at turpis.,
203,41,Restaurant,Nunc purus.,http://dummyimage.com/646x1233.png/dddddd/000000
204,22,Room Service,Nunc purus.,
205,32,Spa,In hac habitasse platea dictumst.,http://dummyimage.com/701x1160.png/ff4444/ffffff
206,4,Gym,In sagittis dui vel nisl.,
207,50,Free Parking,Sed accumsan felis.,
208,47,Free Breakfast,Curabitur gravida nisi at nibh.,
209,21,Spa,In hac habitasse platea dictumst.,http://dummyimage.com/876x901.png/dddddd/000000
210,2,Free Breakfast,Suspendisse potenti.,http://dummyimage.com/675x999.png/ff4444/ffffff
211,15,Free Breakfast,Etiam justo.,http://dummyimage.com/838x1001.png/cc0000/ffffff
212,18,Restaurant,Morbi ut odio.,
213,31,Free Breakfast,Cras non velit nec nisi vulputate nonummy.,http://dummyimage.com/783x1284.png/dddddd/000000
214,5,Restaurant,Suspendisse accumsan tortor quis turpis.,http://dummyimage.com/769x1376.png/cc0000/ffffff
215,38,Gym,Proin risus.,http://dummyimage.com/879x1354.png/5fa2dd/ffffff
216,23,Pool,Aenean lectus.,
217,24,Free Breakfast,Phasellus id sapien in sapien iaculis congue.,
218,26,Free Wi-Fi,Curabitur in libero ut massa volutpat convallis.,
219,14,Restaurant,Maecenas tincidunt lacus at velit.,http://dummyimage.com/822x1005.png/dddddd/000000
220,25,Free Parking,Donec posuere metus vitae ipsum.,
221,45,Room Service,In hac habitasse platea dictumst.,http://dummyimage.com/740x1382.png/5fa2dd/ffffff
222,33,Room Service,"Fusce congue, diam id ornare imperdiet, sapien urna pretium nisl, ut volutpat sapien arcu sed augue.",
223,19,Gym,Praesent lectus.,http://dummyimage.com/712x1090.png/5fa2dd/ffffff
224,3,Lounge,Vestibulum ante ipsum primis in faucibus orci luctus et ultrices posuere cubilia Curae; Duis faucibus accumsan odio.,http://dummyimage.com/650x1282.png/dddddd/000000
225,49,Free Wi-Fi,Nulla ac enim.,http://dummyimage.com/726x992.png/ff4444/ffffff
226,38,Free Parking,Nulla ut erat id mauris vulputate elementum.,http://dummyimage.com/626x1150.png/dddddd/000000
227,35,Room Service,Etiam pretium iaculis justo.,http://dummyimage.com/883x1054.png/ff4444/ffffff
228,17,Free Wi-Fi,Vivamus vel nulla eget eros elementum pellentesque.,
229,47,Free Parking,Nulla ut erat id mauris vulputate elementum.,http://dummyimage.com/684x1158.png/cc0000/ffffff
230,7,Lounge,Morbi porttitor lorem id ligula.,
231,39,Free Parking,"Fusce congue, diam id ornare imperdiet, sapien urna pretium nisl, ut volutpat sapien arcu sed augue.",
232,50,Spa,Nam nulla.,
233,14,Restaurant,Cras non velit nec nisi vulputate nonummy.,
234,1,Gym,Aliquam non mauris.,
235,34,Airport Shuttle,Aliquam quis turpis eget elit sodales scelerisque.,http://dummyimage.com/822x1098.png/ff4444/ffffff
236,27,Spa,Sed ante.,http://dummyimage.com/834x1176.png/cc0000/ffffff
237,20,Room Service,In quis justo.,http://dummyimage.com/736x882.png/5fa2dd/ffffff
238,21,Restaurant,Pellentesque eget nunc.,
239,2,Lounge,Praesent blandit.,http://dummyimage.com/814x1244.png/dddddd/000000
240,32,Airport Shuttle,"Nam congue, risus semper porta volutpat, quam pede lobortis ligula, sit amet eleifend pede libero quis orci.",
241,49,Airport Shuttle,Mauris ullamcorper purus sit amet nulla.,http://dummyimage.com/706x1088.png/ff4444/ffffff
242,40,Airport Shuttle,In eleifend quam a odio.,
243,22,Gym,Duis aliquam convallis nunc.,
244,36,Airport Shuttle,Quisque porta volutpat erat.,http://dummyimage.com/846x825.png/dddddd/000000
245,46,Room Service,"Nam congue, risus semper porta volutpat, quam pede lobortis ligula, sit amet eleifend pede libero quis orci.",
246,30,Gym,Nullam sit amet turpis elementum ligula vehicula consequat.,
247,11,Restaurant,Nullam sit amet turpis elementum ligula vehicula consequat.,
248,18,Restaurant,Curabitur gravida nisi at nibh.,http://dummyimage.com/714x1196.png/dddddd/000000
249,19,Spa,Nulla suscipit ligula in lacus.,
250,3,Free Parking,Aenean fermentum.,http://dummyimage.com/710x895.png/cc0000/ffffff
251,3,Free Breakfast,Pellentesque eget nunc.,http://dummyimage.com/754x920.png/cc0000/ffffff
252,5,Gym,Sed vel enim sit amet nunc viverra dapibus.,
253,29,Lounge,"Morbi odio odio, elementum eu, interdum eu, tincidunt in, leo.",http://dummyimage.com/705x1040.png/cc0000/ffffff
254,16,Gym,"Cum sociis natoque penatibus et magnis dis parturient montes, nascetur ridiculus mus.",http://dummyimage.com/819x1195.png/5fa2dd/ffffff
255,47,Gym,Nam nulla.,
256,12,Room Service,Morbi non lectus.,
257,26,Lounge,Maecenas rhoncus aliquam lacus.,http://dummyimage.com/826x1106.png/dddddd/000000
258,31,Airport Shuttle,In quis justo.,
259,30,Pool,Etiam faucibus cursus urna.,http://dummyimage.com/710x1120.png/5fa2dd/ffffff
260,33,Free Breakfast,Aenean fermentum.,
261,17,Free Wi-Fi,Suspendisse potenti.,
262,1,Restaurant,Praesent blandit.,
263,28,Pool,Proin interdum mauris non ligula pellentesque ultrices.,
264,36,Free Wi-Fi,Praesent id massa id nisl venenatis lacinia.,http://dummyimage.com/894x1393.png/cc0000/ffffff
265,32,Gym,Maecenas tincidunt lacus at velit.,
266,22,Free Parking,Integer non velit.,
267,48,Restaurant,Suspendisse potenti.,http://dummyimage.com/861x934.png/ff4444/ffffff
268,24,Pool,Nullam porttitor lacus at turpis.,
269,40,Lounge,Cras non velit nec nisi vulputate nonummy.,http://dummyimage.com/624x830.png/cc0000/ffffff
270,21,Gym,Praesent blandit.,http://dummyimage.com/872x1068.png/5fa2dd/ffffff
271,10,Spa,Vestibulum sed magna at nunc commodo placerat.,
272,43,Spa,Aliquam erat volutpat.,
273,35,Lounge,"Cras mi pede, malesuada in, imperdiet et, commodo vulputate, justo.",http://dummyimage.com/806x1331.png/cc0000/ffffff
274,20,Free Parking,Praesent blandit lacinia erat.,
275,37,Room Service,Vivamus vel nulla eget eros elementum pellentesque.,http://dummyimage.com/732x1255.png/dddddd/000000
276,44,Gym,Vestibulum ante ipsum primis in faucibus orci luctus et ultrices posuere cubilia Curae; Mauris viverra diam vitae quam.,
277,26,Pool,Vestibulum ac est lacinia nisi venenatis tristique.,
278,46,Lounge,Fusce consequat.,http://dummyimage.com/776x1370.png/5fa2dd/ffffff
279,17,Airport Shuttle,Morbi ut odio.,http://dummyimage.com/898x1046.png/cc0000/ffffff
280,43,Gym,"Donec diam neque, vestibulum eget, vulputate ut, ultrices vel, augue.",
281,29,Spa,Aliquam non mauris.,
282,48,Free Breakfast,Morbi ut odio.,http://dummyimage.com/688x1072.png/5fa2dd/ffffff
283,28,Restaurant,Proin at turpis a pede posuere nonummy.,http://dummyimage.com/746x1192.png/ff4444/ffffff
284,49,Free Parking,Aenean fermentum.,
285,7,Free Parking,Pellentesque ultrices mattis odio.,
286,34,Free Parking,Nulla mollis molestie lorem.,
287,23,Spa,In hac habitasse platea dictumst.,
288,40,Free Wi-Fi,In hac habitasse platea dictumst.,
289,39,Free Breakfast,Vivamus in felis eu sapien cursus vestibulum.,http://dummyimage.com/828x1084.png/5fa2dd/ffffff
290,25,Room Service,Nulla nisl.,http://dummyimage.com/818x985.png/ff4444/ffffff
291,19,Room Service,"Morbi vestibulum, velit id pretium iaculis, diam erat fermentum justo, nec condimentum neque sapien placerat ante.",http://dummyimage.com/609x1111.png/ff4444/ffffff
292,50,Room Service,Suspendisse potenti.,
293,4,Airport Shuttle,Vestibulum ante ipsum primis in faucibus orci luctus et ultrices posuere cubilia Curae; Nulla dapibus dolor vel est.,
294,10,Spa,Proin at turpis a pede posuere nonummy.,
295,36,Room Service,Nulla tempus.,
296,45,Room Service,"In est risus, auctor sed, tristique in, tempus sit amet, sem.",http://dummyimage.com/689x1039.png/ff4444/ffffff
297,5,Restaurant,Proin eu mi.,
298,33,Lounge,Donec semper sapien a libero.,http://dummyimage.com/724x1148.png/ff4444/ffffff
299,8,Gym,In eleifend quam a odio.,http://dummyimage.com/889x1295.png/ff4444/ffffff
300,20,Spa,Nulla mollis molestie lorem.,
301,36,Gym,"Morbi sem mauris, laoreet ut, rhoncus aliquet, pulvinar sed, nisl.",
302,18,Gym,Nam dui.,http://dummyimage.com/690x1192.png/dddddd/000000
303,13,Pool,Curabitur convallis.,http://dummyimage.com/792x1263.png/ff4444/ffffff
304,15,Airport Shuttle,Pellentesque viverra pede ac diam.,
305,47,Free Breakfast,Proin eu mi.,http://dummyimage.com/834x1210.png/dddddd/000000
306,38,Room Service,Sed ante.,http://dummyimage.com/729x958.png/cc0000/ffffff
307,27,Free Parking,Quisque id justo sit amet sapien dignissim vestibulum.,
308,17,Airport Shuttle,In hac habitasse platea dictumst.,
309,41,Pool,Morbi porttitor lorem id ligula.,
310,35,Free Wi-Fi,Mauris sit amet eros.,
311,5,Gym,Integer ac leo.,http://dummyimage.com/651x1087.png/5fa2dd/ffffff
312,49,Gym,"In tempor, turpis nec euismod scelerisque, quam turpis adipiscing lorem, vitae mattis nibh ligula nec sem.",
313,14,Free Parking,Nullam varius.,http://dummyimage.com/821x1012.png/cc0000/ffffff
314,1,Restaurant,Proin at turpis a pede posuere nonummy.,http://dummyimage.com/860x974.png/cc0000/ffffff
315,20,Free Wi-Fi,Nulla nisl.,
316,46,Restaurant,Praesent lectus.,
317,48,Free Wi-Fi,Mauris sit amet eros.,http://dummyimage.com/838x1017.png/5fa2dd/ffffff
318,23,Restaurant,Vestibulum rutrum rutrum neque.,
319,6,Spa,In hac habitasse platea dictumst.,
320,28,Spa,Etiam vel augue.,
321,16,Restaurant,Nulla ac enim.,
322,33,Airport Shuttle,Phasellus id sapien in sapien iaculis congue.,http://dummyimage.com/737x1144.png/5fa2dd/ffffff
323,11,Gym,In hac habitasse platea dictumst.,
324,25,Room Service,Proin interdum mauris non ligula pellentesque ultrices.,
325,30,Free Wi-Fi,Donec vitae nisi.,
326,28,Free Breakfast,Pellentesque at nulla.,
327,36,Free Parking,Morbi non lectus.,http://dummyimage.com/609x866.png/ff4444/ffffff
328,8,Free Breakfast,Cras non velit nec nisi vulputate nonummy.,
329,44,Pool,Integer non velit.,http://dummyimage.com/653x1255.png/5fa2dd/ffffff
330,40,Pool,Cras pellentesque volutpat dui.,http://dummyimage.com/612x1017.png/dddddd/000000
331,30,Free Breakfast,In congue.,http://dummyimage.com/677x1204.png/ff4444/ffffff
332,46,Restaurant,Vestibulum sed magna at nunc commodo placerat.,http://dummyimage.com/750x1352.png/ff4444/ffffff
333,14,Free Parking,Nullam molestie nibh in lectus.,
334,26,Free Wi-Fi,"Mauris enim leo, rhoncus sed, vestibulum sit amet, cursus id, turpis.",
335,23,Pool,Donec dapibus.,
336,38,Spa,Morbi vel lectus in quam fringilla rhoncus.,http://dummyimage.com/606x1164.png/dddddd/000000
337,24,Airport Shuttle,Aliquam erat volutpat.,http://dummyimage.com/620x1187.png/dddddd/000000
338,11,Gym,Suspendisse accumsan tortor quis turpis.,http://dummyimage.com/658x1151.png/cc0000/ffffff
339,33,Spa,Maecenas rhoncus aliquam lacus.,
340,19,Spa,Vestibulum ante ipsum primis in faucibus orci luctus et ultrices posuere cubilia Curae; Nulla dapibus dolor vel est.,
341,1,Restaurant,Nulla tellus.,http://dummyimage.com/681x894.png/cc0000/ffffff
342,3,Free Breakfast,Curabitur in libero ut massa volutpat convallis.,
343,9,Free Parking,Proin at turpis a pede posuere nonummy.,
344,15,Airport Shuttle,Duis ac nibh.,
345,35,Room Service,Nunc purus.,
346,5,Free Wi-Fi,Fusce posuere felis sed lacus.,http://dummyimage.com/729x881.png/cc0000/ffffff
347,25,Lounge,Mauris sit amet eros.,
348,32,Free Breakfast,Pellentesque viverra pede ac diam.,
349,16,Airport Shuttle,Curabitur gravida nisi at nibh.,
350,10,Pool,Integer ac leo.,
351,37,Restaurant,Mauris ullamcorper purus sit amet nulla.,http://dummyimage.com/660x1117.png/ff4444/ffffff
352,46,Restaurant,"Nam congue, risus semper porta volutpat, quam pede lobortis ligula, sit amet eleifend pede libero quis orci.",
353,48,Free Breakfast,Aenean lectus.,
354,20,Free Parking,Praesent lectus.,
355,21,Free Parking,Maecenas tincidunt lacus at velit.,
356,14,Spa,Morbi porttitor lorem id ligula.,http://dummyimage.com/624x806.png/cc0000/ffffff
357,35,Spa,"Morbi odio odio, elementum eu, interdum eu, tincidunt in, leo.",http://dummyimage.com/624x1048.png/cc0000/ffffff
358,36,Restaurant,Etiam pretium iaculis justo.,http://dummyimage.com/762x1077.png/ff4444/ffffff
359,30,Restaurant,Nam nulla.,http://dummyimage.com/758x1317.png/5fa2dd/ffffff
360,26,Free Wi-Fi,Aliquam non mauris.,http://dummyimage.com/652x883.png/dddddd/000000
361,47,Restaurant,Nulla nisl.,http://dummyimage.com/718x1085.png/ff4444/ffffff
362,1,Free Wi-Fi,"Cum sociis natoque penatibus et magnis dis parturient montes, nascetur ridiculus mus.",
363,3,Restaurant,Pellentesque viverra pede ac diam.,
364,9,Restaurant,Morbi porttitor lorem id ligula.,
365,28,Free Wi-Fi,Nullam varius.,
366,39,Room Service,In sagittis dui vel nisl.,http://dummyimage.com/648x814.png/ff4444/ffffff
367,4,Restaurant,In sagittis dui vel nisl.,
368,11,Room Service,Nullam sit amet turpis elementum ligula vehicula consequat.,
369,45,Pool,Aliquam erat volutpat.,http://dummyimage.com/848x878.png/dddddd/000000
370,17,Free Parking,Morbi a ipsum.,
371,13,Restaurant,Morbi porttitor lorem id ligula.,
372,38,Room Service,Integer a nibh.,http://dummyimage.com/761x1225.png/ff4444/ffffff
373,18,Gym,"Maecenas tristique, est et tempus semper, est quam pharetra magna, ac consequat metus sapien ut nunc.",
374,27,Airport Shuttle,Cras non velit nec nisi vulputate nonummy.,http://dummyimage.com/784x1021.png/dddddd/000000
375,50,Spa,"Cum sociis natoque penatibus et magnis dis parturient montes, nascetur ridiculus mus.",
376,34,Free Parking,"Cum sociis natoque penatibus et magnis dis parturient montes, nascetur ridiculus mus.",
377,4,Free Wi-Fi,"Donec odio justo, sollicitudin ut, suscipit a, feugiat et, eros.",http://dummyimage.com/768x1200.png/5fa2dd/ffffff
378,7,Free Breakfast,In blandit ultrices enim.,
379,18,Spa,Duis aliquam convallis nunc.,
380,46,Airport Shuttle,"Morbi sem mauris, laoreet ut, rhoncus aliquet, pulvinar sed, nisl.",http://dummyimage.com/702x1385.png/5fa2dd/ffffff
381,42,Room Service,Nullam molestie nibh in lectus.,http://dummyimage.com/726x1226.png/dddddd/000000
382,28,Free Parking,Aliquam non mauris.,
383,40,Lounge,Nunc purus.,http://dummyimage.com/794x918.png/dddddd/000000
384,24,Restaurant,Morbi vel lectus in quam fringilla rhoncus.,
385,16,Free Wi-Fi,Nullam molestie nibh in lectus.,
386,6,Spa,Quisque ut erat.,
387,12,Free Breakfast,Praesent lectus.,
388,8,Spa,Nulla mollis molestie lorem.,
389,30,Spa,Curabitur gravida nisi at nibh.,http://dummyimage.com/775x1153.png/ff4444/ffffff
390,32,Pool,Suspendisse accumsan tortor quis turpis.,http://dummyimage.com/853x1078.png/cc0000/ffffff
391,23,Spa,Donec dapibus.,
392,43,Free Breakfast,"In tempor, turpis nec euismod scelerisque, quam turpis adipiscing lorem, vitae mattis nibh ligula nec sem.",http://dummyimage.com/725x1329.png/5fa2dd/ffffff
393,14,Gym,Vivamus tortor.,
394,10,Free Parking,Mauris ullamcorper purus sit amet nulla.,http://dummyimage.com/873x857.png/ff4444/ffffff
395,27,Airport Shuttle,Pellentesque ultrices mattis odio.,http://dummyimage.com/650x1021.png/cc0000/ffffff
396,50,Free Wi-Fi,Suspendisse potenti.,
397,9,Free Parking,Vestibulum ac est lacinia nisi venenatis tristique.,
398,25,Restaurant,Morbi vel lectus in quam fringilla rhoncus.,http://dummyimage.com/732x973.png/ff4444/ffffff
399,22,Pool,Morbi a ipsum.,http://dummyimage.com/844x1262.png/ff4444/ffffff
400,35,Spa,Aenean fermentum.,
401,5,Free Breakfast,Nulla tempus.,
402,46,Free Breakfast,Duis mattis egestas metus.,http://dummyimage.com/862x1298.png/dddddd/000000
403,37,Gym,Vestibulum rutrum rutrum neque.,http://dummyimage.com/842x1312.png/dddddd/000000
404,33,Spa,Vestibulum rutrum rutrum neque.,http://dummyimage.com/769x860.png/5fa2dd/ffffff
405,31,Restaurant,Pellentesque at nulla.,
406,11,Lounge,Etiam justo.,http://dummyimage.com/771x1380.png/cc0000/ffffff
407,20,Spa,Nullam molestie nibh in lectus.,http://dummyimage.com/781x1087.png/cc0000/ffffff
408,25,Free Parking,Suspendisse accumsan tortor quis turpis.,
409,38,Room Service,Nunc rhoncus dui vel sem.,
410,45,Spa,Curabitur convallis.,
411,32,Pool,Nunc rhoncus dui vel sem.,http://dummyimage.com/652x818.png/dddddd/000000
412,44,Airport Shuttle,Cras pellentesque volutpat dui.,
413,19,Gym,Quisque ut erat.,
414,8,Free Wi-Fi,Nullam sit amet turpis elementum ligula vehicula consequat.,
415,6,Gym,Suspendisse potenti.,http://dummyimage.com/833x1056.png/dddddd/000000
416,43,Pool,Nulla nisl.,
417,7,Pool,"Cras mi pede, malesuada in, imperdiet et, commodo vulputate, justo.",
418,23,Spa,Morbi vel lectus in quam fringilla rhoncus.,http://dummyimage.com/642x1248.png/5fa2dd/ffffff
419,3,Lounge,"Morbi odio odio, elementum eu, interdum eu, tincidunt in, leo.",
420,12,Free Parking,"Nulla neque libero, convallis eget, eleifend luctus, ultricies eu, nibh.",http://dummyimage.com/794x1214.png/ff4444/ffffff
421,42,Pool,Vestibulum ante ipsum primis in faucibus orci luctus et ultrices posuere cubilia Curae; Mauris viverra diam vitae quam.,http://dummyimage.com/636x860.png/dddddd/000000
422,18,Lounge,Nam dui.,
423,40,Room Service,"Vestibulum quam sapien, varius ut, blandit non, interdum in, ante.",
424,15,Free Breakfast,In hac habitasse platea dictumst.,http://dummyimage.com/784x899.png/ff4444/ffffff
425,48,Free Parking,Nam nulla.,http://dummyimage.com/801x1028.png/5fa2dd/ffffff
426,30,Free Wi-Fi,Nulla tempus.,http://dummyimage.com/666x1252.png/cc0000/ffffff
427,32,Free Parking,Donec ut mauris eget massa tempor convallis.,
428,7,Free Breakfast,Etiam vel augue.,http://dummyimage.com/837x1355.png/dddddd/000000
429,36,Lounge,Curabitur convallis.,
430,11,Airport Shuttle,"Integer pede justo, lacinia eget, tincidunt eget, tempus vel, pede.",http://dummyimage.com/900x1106.png/dddddd/000000
431,42,Pool,"Cum sociis natoque penatibus et magnis dis parturient montes, nascetur ridiculus mus.",
432,2,Restaurant,"Lorem ipsum dolor sit amet, consectetuer adipiscing elit.",http://dummyimage.com/855x1066.png/5fa2dd/ffffff
433,24,Airport Shuttle,Morbi quis tortor id nulla ultrices aliquet.,
434,33,Free Wi-Fi,Duis at velit eu est congue elementum.,
435,19,Airport Shuttle,Suspendisse potenti.,http://dummyimage.com/631x828.png/5fa2dd/ffffff
436,37,Restaurant,"Cum sociis natoque penatibus et magnis dis parturient montes, nascetur ridiculus mus.",
437,5,Room Service,Donec posuere metus vitae ipsum.,
438,9,Lounge,Duis aliquam convallis nunc.,
439,23,Free Breakfast,"Nam ultrices, libero non mattis pulvinar, nulla pede ullamcorper augue, a suscipit nulla elit ac nulla.",
440,12,Airport Shuttle,Curabitur at ipsum ac tellus semper interdum.,
441,39,Spa,Duis mattis egestas metus.,http://dummyimage.com/684x1264.png/cc0000/ffffff
442,35,Free Wi-Fi,Fusce posuere felis sed lacus.,
443,38,Free Wi-Fi,Donec vitae nisi.,http://dummyimage.com/601x1068.png/cc0000/ffffff
444,20,Spa,Praesent lectus.,http://dummyimage.com/620x1326.png/cc0000/ffffff
445,3,Spa,"Vivamus metus arcu, adipiscing molestie, hendrerit at, vulputate vitae, nisl.",
446,4,Free Parking,"Quisque arcu libero, rutrum ac, lobortis vel, dapibus at, diam.",
447,18,Free Wi-Fi,Mauris ullamcorper purus sit amet nulla.,http://dummyimage.com/867x1222.png/5fa2dd/ffffff
448,43,Spa,Nulla justo.,http://dummyimage.com/724x1050.png/ff4444/ffffff
449,13,Gym,Nullam porttitor lacus at turpis.,http://dummyimage.com/840x828.png/5fa2dd/ffffff
450,21,Spa,In congue.,
451,38,Spa,Aenean lectus.,
452,30,Free Wi-Fi,Etiam faucibus cursus urna.,http://dummyimage.com/810x1006.png/ff4444/ffffff
453,46,Pool,Curabitur convallis.,http://dummyimage.com/800x1341.png/ff4444/ffffff
454,9,Free Breakfast,Phasellus sit amet erat.,
455,40,Restaurant,Vestibulum ante ipsum primis in faucibus orci luctus et ultrices posuere cubilia Curae; Mauris viverra diam vitae quam.,
456,31,Free Wi-Fi,Duis ac nibh.,
457,36,Free Parking,Vestibulum ante ipsum primis in faucibus orci luctus et ultrices posuere cubilia Curae; Mauris viverra diam vitae quam.,
458,8,Free Breakfast,Vivamus vel nulla eget eros elementum pellentesque.,
459,43,Gym,Nam nulla.,
460,18,Gym,Nulla tellus.,
461,13,Free Parking,Curabitur gravida nisi at nibh.,
462,22,Free Wi-Fi,Morbi a ipsum.,
463,26,Free Wi-Fi,Cras pellentesque volutpat dui.,
464,23,Room Service,"Nam congue, risus semper porta volutpat, quam pede lobortis ligula, sit amet eleifend pede libero quis orci.",
465,27,Pool,Ut tellus.,
466,48,Airport Shuttle,Nunc nisl.,http://dummyimage.com/888x1178.png/cc0000/ffffff
467,42,Free Parking,Donec ut dolor.,http://dummyimage.com/828x1312.png/dddddd/000000
468,1,Gym,Mauris sit amet eros.,
469,12,Spa,Etiam vel augue.,
470,4,Spa,Phasellus id sapien in sapien iaculis congue.,http://dummyimage.com/646x1286.png/dddddd/000000
471,19,Free Wi-Fi,Pellentesque viverra pede ac diam.,http://dummyimage.com/837x1213.png/5fa2dd/ffffff
472,14,Room Service,Vivamus vestibulum sagittis sapien.,http://dummyimage.com/637x1039.png/cc0000/ffffff
473,21,Free Breakfast,"Quisque erat eros, viverra eget, congue eget, semper rutrum, nulla.",http://dummyimage.com/827x929.png/cc0000/ffffff
474,44,Gym,Pellentesque eget nunc.,
475,3,Lounge,In hac habitasse platea dictumst.,
476,5,Airport Shuttle,"Cum sociis natoque penatibus et magnis dis parturient montes, nascetur ridiculus mus.",http://dummyimage.com/651x1303.png/cc0000/ffffff
477,36,Gym,"Aliquam augue quam, sollicitudin vitae, consectetuer eget, rutrum at, lorem.",http://dummyimage.com/684x1051.png/dddddd/000000
478,16,Airport Shuttle,Suspendisse potenti.,http://dummyimage.com/894x1106.png/5fa2dd/ffffff
479,3,Room Service,Integer a nibh.,http://dummyimage.com/761x1252.png/ff4444/ffffff
480,18,Room Service,Maecenas tincidunt lacus at velit.,
481,4,Gym,"Fusce congue, diam id ornare imperdiet, sapien urna pretium nisl, ut volutpat sapien arcu sed augue.",http://dummyimage.com/705x898.png/ff4444/ffffff
482,27,Free Breakfast,Vestibulum rutrum rutrum neque.,http://dummyimage.com/628x1237.png/ff4444/ffffff
483,39,Pool,Morbi non quam nec dui luctus rutrum.,
484,22,Restaurant,In blandit ultrices enim.,
485,45,Lounge,Vestibulum ac est lacinia nisi venenatis tristique.,
486,41,Room Service,"Maecenas tristique, est et tempus semper, est quam pharetra magna, ac consequat metus sapien ut nunc.",http://dummyimage.com/671x1370.png/ff4444/ffffff
487,24,Spa,Nam tristique tortor eu pede.,
488,35,Airport Shuttle,"Lorem ipsum dolor sit amet, consectetuer adipiscing elit.",http://dummyimage.com/719x918.png/cc0000/ffffff
489,21,Gym,"Integer aliquet, massa id lobortis convallis, tortor risus dapibus augue, vel accumsan tellus nisi eu orci.",http://dummyimage.com/655x1399.png/5fa2dd/ffffff
490,7,Free Parking,In blandit ultrices enim.,
491,50,Airport Shuttle,Quisque ut erat.,
492,47,Free Parking,"Proin leo odio, porttitor id, consequat in, consequat ut, nulla.",http://dummyimage.com/622x827.png/cc0000/ffffff
493,10,Free Wi-Fi,Integer non velit.,http://dummyimage.com/886x902.png/ff4444/ffffff
494,48,Lounge,"Maecenas tristique, est et tempus semper, est quam pharetra magna, ac consequat metus sapien ut nunc.",http://dummyimage.com/778x1009.png/ff4444/ffffff
495,12,Free Parking,"Vivamus metus arcu, adipiscing molestie, hendrerit at, vulputate vitae, nisl.",
496,1,Pool,"Cum sociis natoque penatibus et magnis dis parturient montes, nascetur ridiculus mus.",http://dummyimage.com/857x1229.png/cc0000/ffffff
497,15,Free Wi-Fi,In eleifend quam a odio.,http://dummyimage.com/767x1121.png/dddddd/000000
498,37,Pool,"Proin leo odio, porttitor id, consequat in, consequat ut, nulla.",
499,25,Free Parking,Donec semper sapien a libero.,
500,42,Airport Shuttle,Quisque id justo sit amet sapien dignissim vestibulum.,http://dummyimage.com/875x1122.png/dddddd/000000
